key,freq,adjustment,ref_area,counterpart_area,ref_sector,counterpart_sector,consolidation,accounting_entry,sto,instr_asset,maturity,expenditure,unit_measure,currency_denom,valuation,prices,transformation,cust_breakdown,time_period,obs_value,obs_status,conf_status,pre_break_value,comment_obs,embargo_date,obs_edp_wbb,time_format,coll_period,comment_ts,compiling_org,currency,cust_breakdown_lb,data_comp,decimals,diss_org,gfs_ecofunc,gfs_taxcat,last_update,ref_period_detail,ref_year_price,repyearend,repyearstart,table_identifier,time_per_collect,title,title_compl,unit_mult,comment_dset
GFS.Q.N.I9.W0.S13.S1._Z.B.B9._Z._Z._Z.XDC_R_B1GQ_CY._Z.S.V.CY._T,Q,N,I9,W0,S13,S1,_Z,B,B9,_Z,_Z,_Z,XDC_R_B1GQ_CY,_Z,S,V,CY,_T,2002-Q1,-1.262108140879496,A,F,,,,,P3M,,"Euro area 20 (fixed composition) as of 1 January 2023 - Net lending(+) / net borrowing (-) - Balance - counterpart area: World (all areas, including reference area, including IO), counterpart sector: Total economy, Current prices, Standard valuation based on SNA/ESA - Domestic currency (incl. conversion to current currency made using a fix parity); ratio to the annual moving sum of gross domestic product, Neither seasonally adjusted nor calendar adjusted data - ESA 2010",4F0,,,,3,,,,,,,,,,S,Government deficit(-) or surplus(+) (as % of GDP),,0,
GFS.Q.N.I9.W0.S13.S1._Z.B.B9._Z._Z._Z.XDC_R_B1GQ_CY._Z.S.V.CY._T,Q,N,I9,W0,S13,S1,_Z,B,B9,_Z,_Z,_Z,XDC_R_B1GQ_CY,_Z,S,V,CY,_T,2002-Q2,-1.6656997471827617,A,F,,,,,P3M,,"Euro area 20 (fixed composition) as of 1 January 2023 - Net lending(+) / net borrowing (-) - Balance - counterpart area: World (all areas, including reference area, including IO), counterpart sector: Total economy, Current prices, Standard valuation based on SNA/ESA - Domestic currency (incl. conversion to current currency made using a fix parity); ratio to the annual moving sum of gross domestic product, Neither seasonally adjusted nor calendar adjusted data - ESA 2010",4F0,,,,3,,,,,,,,,,S,Government deficit(-) or surplus(+) (as % of GDP),,0,
GFS.Q.N.I9.W0.S13.S1._Z.B.B9._Z._Z._Z.XDC_R_B1GQ_CY._Z.S.V.CY._T,Q,N,I9,W0,S13,S1,_Z,B,B9,_Z,_Z,_Z,XDC_R_B1GQ_CY,_Z,S,V,CY,_T,2002-Q3,-2.438171319317876,A,F,,,,,P3M,,"Euro area 20 (fixed composition) as of 1 January 2023 - Net lending(+) / net borrowing (-) - Balance - counterpart area: World (all areas, including reference area, including IO), counterpart sector: Total economy, Current prices, Standard valuation based on SNA/ESA - Domestic currency (incl. conversion to current currency made using a fix parity); ratio to the annual moving sum of gross domestic product, Neither seasonally adjusted nor calendar adjusted data - ESA 2010",4F0,,,,3,,,,,,,,,,S,Government deficit(-) or surplus(+) (as % of GDP),,0,
GFS.Q.N.I9.W0.S13.S1._Z.B.B9._Z._Z._Z.XDC_R_B1GQ_CY._Z.S.V.CY._T,Q,N,I9,W0,S13,S1,_Z,B,B9,_Z,_Z,_Z,XDC_R_B1GQ_CY,_Z,S,V,CY,_T,2002-Q4,-2.757,A,F,,,,,P3M,,"Euro area 20 (fixed composition) as of 1 January 2023 - Net lending(+) / net borrowing (-) - Balance - counterpart area: World (all areas, including reference area, including IO), counterpart sector: Total economy, Current prices, Standard valuation based on SNA/ESA - Domestic currency (incl. conversion to current currency made using a fix parity); ratio to the annual moving sum of gross domestic product, Neither seasonally adjusted nor calendar adjusted data - ESA 2010",4F0,,,,3,,,,,,,,,,S,Government deficit(-) or surplus(+) (as % of GDP),,0,
GFS.Q.N.I9.W0.S13.S1._Z.B.B9._Z._Z._Z.XDC_R_B1GQ_CY._Z.S.V.CY._T,Q,N,I9,W0,S13,S1,_Z,B,B9,_Z,_Z,_Z,XDC_R_B1GQ_CY,_Z,S,V,CY,_T,2003-Q1,-2.901,A,F,,,,,P3M,,"Euro area 20 (fixed composition) as of 1 January 2023 - Net lending(+) / net borrowing (-) - Balance - counterpart area: World (all areas, including reference area, including IO), counterpart sector: Total economy, Current prices, Standard valuation based on SNA/ESA - Domestic currency (incl. conversion to current currency made using a fix parity); ratio to the annual moving sum of gross domestic product, Neither seasonally adjusted nor calendar adjusted data - ESA 2010",4F0,,,,3,,,,,,,,,,S,Government deficit(-) or surplus(+) (as % of GDP),,0,
GFS.Q.N.I9.W0.S13.S1._Z.B.B9._Z._Z._Z.XDC_R_B1GQ_CY._Z.S.V.CY._T,Q,N,I9,W0,S13,S1,_Z,B,B9,_Z,_Z,_Z,XDC_R_B1GQ_CY,_Z,S,V,CY,_T,2003-Q2,-2.939,A,F,,,,,P3M,,"Euro area 20 (fixed composition) as of 1 January 2023 - Net lending(+) / net borrowing (-) - Balance - counterpart area: World (all areas, including reference area, including IO), counterpart sector: Total economy, Current prices, Standard valuation based on SNA/ESA - Domestic currency (incl. conversion to current currency made using a fix parity); ratio to the annual moving sum of gross domestic product, Neither seasonally adjusted nor calendar adjusted data - ESA 2010",4F0,,,,3,,,,,,,,,,S,Government deficit(-) or surplus(+) (as % of GDP),,0,
GFS.Q.N.I9.W0.S13.S1._Z.B.B9._Z._Z._Z.XDC_R_B1GQ_CY._Z.S.V.CY._T,Q,N,I9,W0,S13,S1,_Z,B,B9,_Z,_Z,_Z,XDC_R_B1GQ_CY,_Z,S,V,CY,_T,2003-Q3,-3.193,A,F,,,,,P3M,,"Euro area 20 (fixed composition) as of 1 January 2023 - Net lending(+) / net borrowing (-) - Balance - counterpart area: World (all areas, including reference area, including IO), counterpart sector: Total economy, Current prices, Standard valuation based on SNA/ESA - Domestic currency (incl. conversion to current currency made using a fix parity); ratio to the annual moving sum of gross domestic product, Neither seasonally adjusted nor calendar adjusted data - ESA 2010",4F0,,,,3,,,,,,,,,,S,Government deficit(-) or surplus(+) (as % of GDP),,0,
GFS.Q.N.I9.W0.S13.S1._Z.B.B9._Z._Z._Z.XDC_R_B1GQ_CY._Z.S.V.CY._T,Q,N,I9,W0,S13,S1,_Z,B,B9,_Z,_Z,_Z,XDC_R_B1GQ_CY,_Z,S,V,CY,_T,2003-Q4,-3.155,A,F,,,,,P3M,,"Euro area 20 (fixed composition) as of 1 January 2023 - Net lending(+) / net borrowing (-) - Balance - counterpart area: World (all areas, including reference area, including IO), counterpart sector: Total economy, Current prices, Standard valuation based on SNA/ESA - Domestic currency (incl. conversion to current currency made using a fix parity); ratio to the annual moving sum of gross domestic product, Neither seasonally adjusted nor calendar adjusted data - ESA 2010",4F0,,,,3,,,,,,,,,,S,Government deficit(-) or surplus(+) (as % of GDP),,0,
GFS.Q.N.I9.W0.S13.S1._Z.B.B9._Z._Z._Z.XDC_R_B1GQ_CY._Z.S.V.CY._T,Q,N,I9,W0,S13,S1,_Z,B,B9,_Z,_Z,_Z,XDC_R_B1GQ_CY,_Z,S,V,CY,_T,2004-Q1,-3.186,A,F,,,,,P3M,,"Euro area 20 (fixed composition) as of 1 January 2023 - Net lending(+) / net borrowing (-) - Balance - counterpart area: World (all areas, including reference area, including IO), counterpart sector: Total economy, Current prices, Standard valuation based on SNA/ESA - Domestic currency (incl. conversion to current currency made using a fix parity); ratio to the annual moving sum of gross domestic product, Neither seasonally adjusted nor calendar adjusted data - ESA 2010",4F0,,,,3,,,,,,,,,,S,Government deficit(-) or surplus(+) (as % of GDP),,0,
GFS.Q.N.I9.W0.S13.S1._Z.B.B9._Z._Z._Z.XDC_R_B1GQ_CY._Z.S.V.CY._T,Q,N,I9,W0,S13,S1,_Z,B,B9,_Z,_Z,_Z,XDC_R_B1GQ_CY,_Z,S,V,CY,_T,2004-Q2,-3.204,A,F,,,,,P3M,,"Euro area 20 (fixed composition) as of 1 January 2023 - Net lending(+) / net borrowing (-) - Balance - counterpart area: World (all areas, including reference area, including IO), counterpart sector: Total economy, Current prices, Standard valuation based on SNA/ESA - Domestic currency (incl. conversion to current currency made using a fix parity); ratio to the annual moving sum of gross domestic product, Neither seasonally adjusted nor calendar adjusted data - ESA 2010",4F0,,,,3,,,,,,,,,,S,Government deficit(-) or surplus(+) (as % of GDP),,0,
GFS.Q.N.I9.W0.S13.S1._Z.B.B9._Z._Z._Z.XDC_R_B1GQ_CY._Z.S.V.CY._T,Q,N,I9,W0,S13,S1,_Z,B,B9,_Z,_Z,_Z,XDC_R_B1GQ_CY,_Z,S,V,CY,_T,2004-Q3,-2.997,A,F,,,,,P3M,,"Euro area 20 (fixed composition) as of 1 January 2023 - Net lending(+) / net borrowing (-) - Balance - counterpart area: World (all areas, including reference area, including IO), counterpart sector: Total economy, Current prices, Standard valuation based on SNA/ESA - Domestic currency (incl. conversion to current currency made using a fix parity); ratio to the annual moving sum of gross domestic product, Neither seasonally adjusted nor calendar adjusted data - ESA 2010",4F0,,,,3,,,,,,,,,,S,Government deficit(-) or surplus(+) (as % of GDP),,0,
GFS.Q.N.I9.W0.S13.S1._Z.B.B9._Z._Z._Z.XDC_R_B1GQ_CY._Z.S.V.CY._T,Q,N,I9,W0,S13,S1,_Z,B,B9,_Z,_Z,_Z,XDC_R_B1GQ_CY,_Z,S,V,CY,_T,2004-Q4,-2.897,A,F,,,,,P3M,,"Euro area 20 (fixed composition) as of 1 January 2023 - Net lending(+) / net borrowing (-) - Balance - counterpart area: World (all areas, including reference area, including IO), counterpart sector: Total economy, Current prices, Standard valuation based on SNA/ESA - Domestic currency (incl. conversion to current currency made using a fix parity); ratio to the annual moving sum of gross domestic product, Neither seasonally adjusted nor calendar adjusted data - ESA 2010",4F0,,,,3,,,,,,,,,,S,Government deficit(-) or surplus(+) (as % of GDP),,0,
GFS.Q.N.I9.W0.S13.S1._Z.B.B9._Z._Z._Z.XDC_R_B1GQ_CY._Z.S.V.CY._T,Q,N,I9,W0,S13,S1,_Z,B,B9,_Z,_Z,_Z,XDC_R_B1GQ_CY,_Z,S,V,CY,_T,2005-Q1,-2.885,A,F,,,,,P3M,,"Euro area 20 (fixed composition) as of 1 January 2023 - Net lending(+) / net borrowing (-) - Balance - counterpart area: World (all areas, including reference area, including IO), counterpart sector: Total economy, Current prices, Standard valuation based on SNA/ESA - Domestic currency (incl. conversion to current currency made using a fix parity); ratio to the annual moving sum of gross domestic product, Neither seasonally adjusted nor calendar adjusted data - ESA 2010",4F0,,,,3,,,,,,,,,,S,Government deficit(-) or surplus(+) (as % of GDP),,0,
GFS.Q.N.I9.W0.S13.S1._Z.B.B9._Z._Z._Z.XDC_R_B1GQ_CY._Z.S.V.CY._T,Q,N,I9,W0,S13,S1,_Z,B,B9,_Z,_Z,_Z,XDC_R_B1GQ_CY,_Z,S,V,CY,_T,2005-Q2,-2.917,A,F,,,,,P3M,,"Euro area 20 (fixed composition) as of 1 January 2023 - Net lending(+) / net borrowing (-) - Balance - counterpart area: World (all areas, including reference area, including IO), counterpart sector: Total economy, Current prices, Standard valuation based on SNA/ESA - Domestic currency (incl. conversion to current currency made using a fix parity); ratio to the annual moving sum of gross domestic product, Neither seasonally adjusted nor calendar adjusted data - ESA 2010",4F0,,,,3,,,,,,,,,,S,Government deficit(-) or surplus(+) (as % of GDP),,0,
GFS.Q.N.I9.W0.S13.S1._Z.B.B9._Z._Z._Z.XDC_R_B1GQ_CY._Z.S.V.CY._T,Q,N,I9,W0,S13,S1,_Z,B,B9,_Z,_Z,_Z,XDC_R_B1GQ_CY,_Z,S,V,CY,_T,2005-Q3,-2.711,A,F,,,,,P3M,,"Euro area 20 (fixed composition) as of 1 January 2023 - Net lending(+) / net borrowing (-) - Balance - counterpart area: World (all areas, including reference area, including IO), counterpart sector: Total economy, Current prices, Standard valuation based on SNA/ESA - Domestic currency (incl. conversion to current currency made using a fix parity); ratio to the annual moving sum of gross domestic product, Neither seasonally adjusted nor calendar adjusted data - ESA 2010",4F0,,,,3,,,,,,,,,,S,Government deficit(-) or surplus(+) (as % of GDP),,0,
GFS.Q.N.I9.W0.S13.S1._Z.B.B9._Z._Z._Z.XDC_R_B1GQ_CY._Z.S.V.CY._T,Q,N,I9,W0,S13,S1,_Z,B,B9,_Z,_Z,_Z,XDC_R_B1GQ_CY,_Z,S,V,CY,_T,2005-Q4,-2.655,A,F,,,,,P3M,,"Euro area 20 (fixed composition) as of 1 January 2023 - Net lending(+) / net borrowing (-) - Balance - counterpart area: World (all areas, including reference area, including IO), counterpart sector: Total economy, Current prices, Standard valuation based on SNA/ESA - Domestic currency (incl. conversion to current currency made using a fix parity); ratio to the annual moving sum of gross domestic product, Neither seasonally adjusted nor calendar adjusted data - ESA 2010",4F0,,,,3,,,,,,,,,,S,Government deficit(-) or surplus(+) (as % of GDP),,0,
GFS.Q.N.I9.W0.S13.S1._Z.B.B9._Z._Z._Z.XDC_R_B1GQ_CY._Z.S.V.CY._T,Q,N,I9,W0,S13,S1,_Z,B,B9,_Z,_Z,_Z,XDC_R_B1GQ_CY,_Z,S,V,CY,_T,2006-Q1,-2.272,A,F,,,,,P3M,,"Euro area 20 (fixed composition) as of 1 January 2023 - Net lending(+) / net borrowing (-) - Balance - counterpart area: World (all areas, including reference area, including IO), counterpart sector: Total economy, Current prices, Standard valuation based on SNA/ESA - Domestic currency (incl. conversion to current currency made using a fix parity); ratio to the annual moving sum of gross domestic product, Neither seasonally adjusted nor calendar adjusted data - ESA 2010",4F0,,,,3,,,,,,,,,,S,Government deficit(-) or surplus(+) (as % of GDP),,0,
GFS.Q.N.I9.W0.S13.S1._Z.B.B9._Z._Z._Z.XDC_R_B1GQ_CY._Z.S.V.CY._T,Q,N,I9,W0,S13,S1,_Z,B,B9,_Z,_Z,_Z,XDC_R_B1GQ_CY,_Z,S,V,CY,_T,2006-Q2,-1.91,A,F,,,,,P3M,,"Euro area 20 (fixed composition) as of 1 January 2023 - Net lending(+) / net borrowing (-) - Balance - counterpart area: World (all areas, including reference area, including IO), counterpart sector: Total economy, Current prices, Standard valuation based on SNA/ESA - Domestic currency (incl. conversion to current currency made using a fix parity); ratio to the annual moving sum of gross domestic product, Neither seasonally adjusted nor calendar adjusted data - ESA 2010",4F0,,,,3,,,,,,,,,,S,Government deficit(-) or surplus(+) (as % of GDP),,0,
GFS.Q.N.I9.W0.S13.S1._Z.B.B9._Z._Z._Z.XDC_R_B1GQ_CY._Z.S.V.CY._T,Q,N,I9,W0,S13,S1,_Z,B,B9,_Z,_Z,_Z,XDC_R_B1GQ_CY,_Z,S,V,CY,_T,2006-Q3,-1.717,A,F,,,,,P3M,,"Euro area 20 (fixed composition) as of 1 January 2023 - Net lending(+) / net borrowing (-) - Balance - counterpart area: World (all areas, including reference area, including IO), counterpart sector: Total economy, Current prices, Standard valuation based on SNA/ESA - Domestic currency (incl. conversion to current currency made using a fix parity); ratio to the annual moving sum of gross domestic product, Neither seasonally adjusted nor calendar adjusted data - ESA 2010",4F0,,,,3,,,,,,,,,,S,Government deficit(-) or surplus(+) (as % of GDP),,0,
GFS.Q.N.I9.W0.S13.S1._Z.B.B9._Z._Z._Z.XDC_R_B1GQ_CY._Z.S.V.CY._T,Q,N,I9,W0,S13,S1,_Z,B,B9,_Z,_Z,_Z,XDC_R_B1GQ_CY,_Z,S,V,CY,_T,2006-Q4,-1.587,A,F,,,,,P3M,,"Euro area 20 (fixed composition) as of 1 January 2023 - Net lending(+) / net borrowing (-) - Balance - counterpart area: World (all areas, including reference area, including IO), counterpart sector: Total economy, Current prices, Standard valuation based on SNA/ESA - Domestic currency (incl. conversion to current currency made using a fix parity); ratio to the annual moving sum of gross domestic product, Neither seasonally adjusted nor calendar adjusted data - ESA 2010",4F0,,,,3,,,,,,,,,,S,Government deficit(-) or surplus(+) (as % of GDP),,0,
GFS.Q.N.I9.W0.S13.S1._Z.B.B9._Z._Z._Z.XDC_R_B1GQ_CY._Z.S.V.CY._T,Q,N,I9,W0,S13,S1,_Z,B,B9,_Z,_Z,_Z,XDC_R_B1GQ_CY,_Z,S,V,CY,_T,2007-Q1,-1.428,A,F,,,,,P3M,,"Euro area 20 (fixed composition) as of 1 January 2023 - Net lending(+) / net borrowing (-) - Balance - counterpart area: World (all areas, including reference area, including IO), counterpart sector: Total economy, Current prices, Standard valuation based on SNA/ESA - Domestic currency (incl. conversion to current currency made using a fix parity); ratio to the annual moving sum of gross domestic product, Neither seasonally adjusted nor calendar adjusted data - ESA 2010",4F0,,,,3,,,,,,,,,,S,Government deficit(-) or surplus(+) (as % of GDP),,0,
GFS.Q.N.I9.W0.S13.S1._Z.B.B9._Z._Z._Z.XDC_R_B1GQ_CY._Z.S.V.CY._T,Q,N,I9,W0,S13,S1,_Z,B,B9,_Z,_Z,_Z,XDC_R_B1GQ_CY,_Z,S,V,CY,_T,2007-Q2,-1.15,A,F,,,,,P3M,,"Euro area 20 (fixed composition) as of 1 January 2023 - Net lending(+) / net borrowing (-) - Balance - counterpart area: World (all areas, including reference area, including IO), counterpart sector: Total economy, Current prices, Standard valuation based on SNA/ESA - Domestic currency (incl. conversion to current currency made using a fix parity); ratio to the annual moving sum of gross domestic product, Neither seasonally adjusted nor calendar adjusted data - ESA 2010",4F0,,,,3,,,,,,,,,,S,Government deficit(-) or surplus(+) (as % of GDP),,0,
GFS.Q.N.I9.W0.S13.S1._Z.B.B9._Z._Z._Z.XDC_R_B1GQ_CY._Z.S.V.CY._T,Q,N,I9,W0,S13,S1,_Z,B,B9,_Z,_Z,_Z,XDC_R_B1GQ_CY,_Z,S,V,CY,_T,2007-Q3,-0.932,A,F,,,,,P3M,,"Euro area 20 (fixed composition) as of 1 January 2023 - Net lending(+) / net borrowing (-) - Balance - counterpart area: World (all areas, including reference area, including IO), counterpart sector: Total economy, Current prices, Standard valuation based on SNA/ESA - Domestic currency (incl. conversion to current currency made using a fix parity); ratio to the annual moving sum of gross domestic product, Neither seasonally adjusted nor calendar adjusted data - ESA 2010",4F0,,,,3,,,,,,,,,,S,Government deficit(-) or surplus(+) (as % of GDP),,0,
GFS.Q.N.I9.W0.S13.S1._Z.B.B9._Z._Z._Z.XDC_R_B1GQ_CY._Z.S.V.CY._T,Q,N,I9,W0,S13,S1,_Z,B,B9,_Z,_Z,_Z,XDC_R_B1GQ_CY,_Z,S,V,CY,_T,2007-Q4,-0.744,A,F,,,,,P3M,,"Euro area 20 (fixed composition) as of 1 January 2023 - Net lending(+) / net borrowing (-) - Balance - counterpart area: World (all areas, including reference area, including IO), counterpart sector: Total economy, Current prices, Standard valuation based on SNA/ESA - Domestic currency (incl. conversion to current currency made using a fix parity); ratio to the annual moving sum of gross domestic product, Neither seasonally adjusted nor calendar adjusted data - ESA 2010",4F0,,,,3,,,,,,,,,,S,Government deficit(-) or surplus(+) (as % of GDP),,0,
GFS.Q.N.I9.W0.S13.S1._Z.B.B9._Z._Z._Z.XDC_R_B1GQ_CY._Z.S.V.CY._T,Q,N,I9,W0,S13,S1,_Z,B,B9,_Z,_Z,_Z,XDC_R_B1GQ_CY,_Z,S,V,CY,_T,2008-Q1,-0.844,A,F,,,,,P3M,,"Euro area 20 (fixed composition) as of 1 January 2023 - Net lending(+) / net borrowing (-) - Balance - counterpart area: World (all areas, including reference area, including IO), counterpart sector: Total economy, Current prices, Standard valuation based on SNA/ESA - Domestic currency (incl. conversion to current currency made using a fix parity); ratio to the annual moving sum of gross domestic product, Neither seasonally adjusted nor calendar adjusted data - ESA 2010",4F0,,,,3,,,,,,,,,,S,Government deficit(-) or surplus(+) (as % of GDP),,0,
GFS.Q.N.I9.W0.S13.S1._Z.B.B9._Z._Z._Z.XDC_R_B1GQ_CY._Z.S.V.CY._T,Q,N,I9,W0,S13,S1,_Z,B,B9,_Z,_Z,_Z,XDC_R_B1GQ_CY,_Z,S,V,CY,_T,2008-Q2,-1.198,A,F,,,,,P3M,,"Euro area 20 (fixed composition) as of 1 January 2023 - Net lending(+) / net borrowing (-) - Balance - counterpart area: World (all areas, including reference area, including IO), counterpart sector: Total economy, Current prices, Standard valuation based on SNA/ESA - Domestic currency (incl. conversion to current currency made using a fix parity); ratio to the annual moving sum of gross domestic product, Neither seasonally adjusted nor calendar adjusted data - ESA 2010",4F0,,,,3,,,,,,,,,,S,Government deficit(-) or surplus(+) (as % of GDP),,0,
GFS.Q.N.I9.W0.S13.S1._Z.B.B9._Z._Z._Z.XDC_R_B1GQ_CY._Z.S.V.CY._T,Q,N,I9,W0,S13,S1,_Z,B,B9,_Z,_Z,_Z,XDC_R_B1GQ_CY,_Z,S,V,CY,_T,2008-Q3,-1.538,A,F,,,,,P3M,,"Euro area 20 (fixed composition) as of 1 January 2023 - Net lending(+) / net borrowing (-) - Balance - counterpart area: World (all areas, including reference area, including IO), counterpart sector: Total economy, Current prices, Standard valuation based on SNA/ESA - Domestic currency (incl. conversion to current currency made using a fix parity); ratio to the annual moving sum of gross domestic product, Neither seasonally adjusted nor calendar adjusted data - ESA 2010",4F0,,,,3,,,,,,,,,,S,Government deficit(-) or surplus(+) (as % of GDP),,0,
GFS.Q.N.I9.W0.S13.S1._Z.B.B9._Z._Z._Z.XDC_R_B1GQ_CY._Z.S.V.CY._T,Q,N,I9,W0,S13,S1,_Z,B,B9,_Z,_Z,_Z,XDC_R_B1GQ_CY,_Z,S,V,CY,_T,2008-Q4,-2.26,A,F,,,,,P3M,,"Euro area 20 (fixed composition) as of 1 January 2023 - Net lending(+) / net borrowing (-) - Balance - counterpart area: World (all areas, including reference area, including IO), counterpart sector: Total economy, Current prices, Standard valuation based on SNA/ESA - Domestic currency (incl. conversion to current currency made using a fix parity); ratio to the annual moving sum of gross domestic product, Neither seasonally adjusted nor calendar adjusted data - ESA 2010",4F0,,,,3,,,,,,,,,,S,Government deficit(-) or surplus(+) (as % of GDP),,0,
GFS.Q.N.I9.W0.S13.S1._Z.B.B9._Z._Z._Z.XDC_R_B1GQ_CY._Z.S.V.CY._T,Q,N,I9,W0,S13,S1,_Z,B,B9,_Z,_Z,_Z,XDC_R_B1GQ_CY,_Z,S,V,CY,_T,2009-Q1,-3.018,B,F,,,,,P3M,,"Euro area 20 (fixed composition) as of 1 January 2023 - Net lending(+) / net borrowing (-) - Balance - counterpart area: World (all areas, including reference area, including IO), counterpart sector: Total economy, Current prices, Standard valuation based on SNA/ESA - Domestic currency (incl. conversion to current currency made using a fix parity); ratio to the annual moving sum of gross domestic product, Neither seasonally adjusted nor calendar adjusted data - ESA 2010",4F0,,,,3,,,,,,,,,,S,Government deficit(-) or surplus(+) (as % of GDP),,0,
GFS.Q.N.I9.W0.S13.S1._Z.B.B9._Z._Z._Z.XDC_R_B1GQ_CY._Z.S.V.CY._T,Q,N,I9,W0,S13,S1,_Z,B,B9,_Z,_Z,_Z,XDC_R_B1GQ_CY,_Z,S,V,CY,_T,2009-Q2,-4.158,A,F,,,,,P3M,,"Euro area 20 (fixed composition) as of 1 January 2023 - Net lending(+) / net borrowing (-) - Balance - counterpart area: World (all areas, including reference area, including IO), counterpart sector: Total economy, Current prices, Standard valuation based on SNA/ESA - Domestic currency (incl. conversion to current currency made using a fix parity); ratio to the annual moving sum of gross domestic product, Neither seasonally adjusted nor calendar adjusted data - ESA 2010",4F0,,,,3,,,,,,,,,,S,Government deficit(-) or surplus(+) (as % of GDP),,0,
GFS.Q.N.I9.W0.S13.S1._Z.B.B9._Z._Z._Z.XDC_R_B1GQ_CY._Z.S.V.CY._T,Q,N,I9,W0,S13,S1,_Z,B,B9,_Z,_Z,_Z,XDC_R_B1GQ_CY,_Z,S,V,CY,_T,2009-Q3,-5.297,A,F,,,,,P3M,,"Euro area 20 (fixed composition) as of 1 January 2023 - Net lending(+) / net borrowing (-) - Balance - counterpart area: World (all areas, including reference area, including IO), counterpart sector: Total economy, Current prices, Standard valuation based on SNA/ESA - Domestic currency (incl. conversion to current currency made using a fix parity); ratio to the annual moving sum of gross domestic product, Neither seasonally adjusted nor calendar adjusted data - ESA 2010",4F0,,,,3,,,,,,,,,,S,Government deficit(-) or surplus(+) (as % of GDP),,0,
GFS.Q.N.I9.W0.S13.S1._Z.B.B9._Z._Z._Z.XDC_R_B1GQ_CY._Z.S.V.CY._T,Q,N,I9,W0,S13,S1,_Z,B,B9,_Z,_Z,_Z,XDC_R_B1GQ_CY,_Z,S,V,CY,_T,2009-Q4,-6.257,A,F,,,,,P3M,,"Euro area 20 (fixed composition) as of 1 January 2023 - Net lending(+) / net borrowing (-) - Balance - counterpart area: World (all areas, including reference area, including IO), counterpart sector: Total economy, Current prices, Standard valuation based on SNA/ESA - Domestic currency (incl. conversion to current currency made using a fix parity); ratio to the annual moving sum of gross domestic product, Neither seasonally adjusted nor calendar adjusted data - ESA 2010",4F0,,,,3,,,,,,,,,,S,Government deficit(-) or surplus(+) (as % of GDP),,0,
GFS.Q.N.I9.W0.S13.S1._Z.B.B9._Z._Z._Z.XDC_R_B1GQ_CY._Z.S.V.CY._T,Q,N,I9,W0,S13,S1,_Z,B,B9,_Z,_Z,_Z,XDC_R_B1GQ_CY,_Z,S,V,CY,_T,2010-Q1,-6.68,A,F,,,,,P3M,,"Euro area 20 (fixed composition) as of 1 January 2023 - Net lending(+) / net borrowing (-) - Balance - counterpart area: World (all areas, including reference area, including IO), counterpart sector: Total economy, Current prices, Standard valuation based on SNA/ESA - Domestic currency (incl. conversion to current currency made using a fix parity); ratio to the annual moving sum of gross domestic product, Neither seasonally adjusted nor calendar adjusted data - ESA 2010",4F0,,,,3,,,,,,,,,,S,Government deficit(-) or surplus(+) (as % of GDP),,0,
GFS.Q.N.I9.W0.S13.S1._Z.B.B9._Z._Z._Z.XDC_R_B1GQ_CY._Z.S.V.CY._T,Q,N,I9,W0,S13,S1,_Z,B,B9,_Z,_Z,_Z,XDC_R_B1GQ_CY,_Z,S,V,CY,_T,2010-Q2,-6.581,A,F,,,,,P3M,,"Euro area 20 (fixed composition) as of 1 January 2023 - Net lending(+) / net borrowing (-) - Balance - counterpart area: World (all areas, including reference area, including IO), counterpart sector: Total economy, Current prices, Standard valuation based on SNA/ESA - Domestic currency (incl. conversion to current currency made using a fix parity); ratio to the annual moving sum of gross domestic product, Neither seasonally adjusted nor calendar adjusted data - ESA 2010",4F0,,,,3,,,,,,,,,,S,Government deficit(-) or surplus(+) (as % of GDP),,0,
GFS.Q.N.I9.W0.S13.S1._Z.B.B9._Z._Z._Z.XDC_R_B1GQ_CY._Z.S.V.CY._T,Q,N,I9,W0,S13,S1,_Z,B,B9,_Z,_Z,_Z,XDC_R_B1GQ_CY,_Z,S,V,CY,_T,2010-Q3,-6.713,A,F,,,,,P3M,,"Euro area 20 (fixed composition) as of 1 January 2023 - Net lending(+) / net borrowing (-) - Balance - counterpart area: World (all areas, including reference area, including IO), counterpart sector: Total economy, Current prices, Standard valuation based on SNA/ESA - Domestic currency (incl. conversion to current currency made using a fix parity); ratio to the annual moving sum of gross domestic product, Neither seasonally adjusted nor calendar adjusted data - ESA 2010",4F0,,,,3,,,,,,,,,,S,Government deficit(-) or surplus(+) (as % of GDP),,0,
GFS.Q.N.I9.W0.S13.S1._Z.B.B9._Z._Z._Z.XDC_R_B1GQ_CY._Z.S.V.CY._T,Q,N,I9,W0,S13,S1,_Z,B,B9,_Z,_Z,_Z,XDC_R_B1GQ_CY,_Z,S,V,CY,_T,2010-Q4,-6.322,A,F,,,,,P3M,,"Euro area 20 (fixed composition) as of 1 January 2023 - Net lending(+) / net borrowing (-) - Balance - counterpart area: World (all areas, including reference area, including IO), counterpart sector: Total economy, Current prices, Standard valuation based on SNA/ESA - Domestic currency (incl. conversion to current currency made using a fix parity); ratio to the annual moving sum of gross domestic product, Neither seasonally adjusted nor calendar adjusted data - ESA 2010",4F0,,,,3,,,,,,,,,,S,Government deficit(-) or surplus(+) (as % of GDP),,0,
GFS.Q.N.I9.W0.S13.S1._Z.B.B9._Z._Z._Z.XDC_R_B1GQ_CY._Z.S.V.CY._T,Q,N,I9,W0,S13,S1,_Z,B,B9,_Z,_Z,_Z,XDC_R_B1GQ_CY,_Z,S,V,CY,_T,2011-Q1,-5.635,A,F,,,,,P3M,,"Euro area 20 (fixed composition) as of 1 January 2023 - Net lending(+) / net borrowing (-) - Balance - counterpart area: World (all areas, including reference area, including IO), counterpart sector: Total economy, Current prices, Standard valuation based on SNA/ESA - Domestic currency (incl. conversion to current currency made using a fix parity); ratio to the annual moving sum of gross domestic product, Neither seasonally adjusted nor calendar adjusted data - ESA 2010",4F0,,,,3,,,,,,,,,,S,Government deficit(-) or surplus(+) (as % of GDP),,0,
GFS.Q.N.I9.W0.S13.S1._Z.B.B9._Z._Z._Z.XDC_R_B1GQ_CY._Z.S.V.CY._T,Q,N,I9,W0,S13,S1,_Z,B,B9,_Z,_Z,_Z,XDC_R_B1GQ_CY,_Z,S,V,CY,_T,2011-Q2,-5.272,A,F,,,,,P3M,,"Euro area 20 (fixed composition) as of 1 January 2023 - Net lending(+) / net borrowing (-) - Balance - counterpart area: World (all areas, including reference area, including IO), counterpart sector: Total economy, Current prices, Standard valuation based on SNA/ESA - Domestic currency (incl. conversion to current currency made using a fix parity); ratio to the annual moving sum of gross domestic product, Neither seasonally adjusted nor calendar adjusted data - ESA 2010",4F0,,,,3,,,,,,,,,,S,Government deficit(-) or surplus(+) (as % of GDP),,0,
GFS.Q.N.I9.W0.S13.S1._Z.B.B9._Z._Z._Z.XDC_R_B1GQ_CY._Z.S.V.CY._T,Q,N,I9,W0,S13,S1,_Z,B,B9,_Z,_Z,_Z,XDC_R_B1GQ_CY,_Z,S,V,CY,_T,2011-Q3,-4.521,A,F,,,,,P3M,,"Euro area 20 (fixed composition) as of 1 January 2023 - Net lending(+) / net borrowing (-) - Balance - counterpart area: World (all areas, including reference area, including IO), counterpart sector: Total economy, Current prices, Standard valuation based on SNA/ESA - Domestic currency (incl. conversion to current currency made using a fix parity); ratio to the annual moving sum of gross domestic product, Neither seasonally adjusted nor calendar adjusted data - ESA 2010",4F0,,,,3,,,,,,,,,,S,Government deficit(-) or surplus(+) (as % of GDP),,0,
GFS.Q.N.I9.W0.S13.S1._Z.B.B9._Z._Z._Z.XDC_R_B1GQ_CY._Z.S.V.CY._T,Q,N,I9,W0,S13,S1,_Z,B,B9,_Z,_Z,_Z,XDC_R_B1GQ_CY,_Z,S,V,CY,_T,2011-Q4,-4.243,A,F,,,,,P3M,,"Euro area 20 (fixed composition) as of 1 January 2023 - Net lending(+) / net borrowing (-) - Balance - counterpart area: World (all areas, including reference area, including IO), counterpart sector: Total economy, Current prices, Standard valuation based on SNA/ESA - Domestic currency (incl. conversion to current currency made using a fix parity); ratio to the annual moving sum of gross domestic product, Neither seasonally adjusted nor calendar adjusted data - ESA 2010",4F0,,,,3,,,,,,,,,,S,Government deficit(-) or surplus(+) (as % of GDP),,0,
GFS.Q.N.I9.W0.S13.S1._Z.B.B9._Z._Z._Z.XDC_R_B1GQ_CY._Z.S.V.CY._T,Q,N,I9,W0,S13,S1,_Z,B,B9,_Z,_Z,_Z,XDC_R_B1GQ_CY,_Z,S,V,CY,_T,2012-Q1,-4.116,A,F,,,,,P3M,,"Euro area 20 (fixed composition) as of 1 January 2023 - Net lending(+) / net borrowing (-) - Balance - counterpart area: World (all areas, including reference area, including IO), counterpart sector: Total economy, Current prices, Standard valuation based on SNA/ESA - Domestic currency (incl. conversion to current currency made using a fix parity); ratio to the annual moving sum of gross domestic product, Neither seasonally adjusted nor calendar adjusted data - ESA 2010",4F0,,,,3,,,,,,,,,,S,Government deficit(-) or surplus(+) (as % of GDP),,0,
GFS.Q.N.I9.W0.S13.S1._Z.B.B9._Z._Z._Z.XDC_R_B1GQ_CY._Z.S.V.CY._T,Q,N,I9,W0,S13,S1,_Z,B,B9,_Z,_Z,_Z,XDC_R_B1GQ_CY,_Z,S,V,CY,_T,2012-Q2,-4.078,A,F,,,,,P3M,,"Euro area 20 (fixed composition) as of 1 January 2023 - Net lending(+) / net borrowing (-) - Balance - counterpart area: World (all areas, including reference area, including IO), counterpart sector: Total economy, Current prices, Standard valuation based on SNA/ESA - Domestic currency (incl. conversion to current currency made using a fix parity); ratio to the annual moving sum of gross domestic product, Neither seasonally adjusted nor calendar adjusted data - ESA 2010",4F0,,,,3,,,,,,,,,,S,Government deficit(-) or surplus(+) (as % of GDP),,0,
GFS.Q.N.I9.W0.S13.S1._Z.B.B9._Z._Z._Z.XDC_R_B1GQ_CY._Z.S.V.CY._T,Q,N,I9,W0,S13,S1,_Z,B,B9,_Z,_Z,_Z,XDC_R_B1GQ_CY,_Z,S,V,CY,_T,2012-Q3,-3.927,A,F,,,,,P3M,,"Euro area 20 (fixed composition) as of 1 January 2023 - Net lending(+) / net borrowing (-) - Balance - counterpart area: World (all areas, including reference area, including IO), counterpart sector: Total economy, Current prices, Standard valuation based on SNA/ESA - Domestic currency (incl. conversion to current currency made using a fix parity); ratio to the annual moving sum of gross domestic product, Neither seasonally adjusted nor calendar adjusted data - ESA 2010",4F0,,,,3,,,,,,,,,,S,Government deficit(-) or surplus(+) (as % of GDP),,0,
GFS.Q.N.I9.W0.S13.S1._Z.B.B9._Z._Z._Z.XDC_R_B1GQ_CY._Z.S.V.CY._T,Q,N,I9,W0,S13,S1,_Z,B,B9,_Z,_Z,_Z,XDC_R_B1GQ_CY,_Z,S,V,CY,_T,2012-Q4,-3.868,A,F,,,,,P3M,,"Euro area 20 (fixed composition) as of 1 January 2023 - Net lending(+) / net borrowing (-) - Balance - counterpart area: World (all areas, including reference area, including IO), counterpart sector: Total economy, Current prices, Standard valuation based on SNA/ESA - Domestic currency (incl. conversion to current currency made using a fix parity); ratio to the annual moving sum of gross domestic product, Neither seasonally adjusted nor calendar adjusted data - ESA 2010",4F0,,,,3,,,,,,,,,,S,Government deficit(-) or surplus(+) (as % of GDP),,0,
GFS.Q.N.I9.W0.S13.S1._Z.B.B9._Z._Z._Z.XDC_R_B1GQ_CY._Z.S.V.CY._T,Q,N,I9,W0,S13,S1,_Z,B,B9,_Z,_Z,_Z,XDC_R_B1GQ_CY,_Z,S,V,CY,_T,2013-Q1,-3.919,A,F,,,,,P3M,,"Euro area 20 (fixed composition) as of 1 January 2023 - Net lending(+) / net borrowing (-) - Balance - counterpart area: World (all areas, including reference area, including IO), counterpart sector: Total economy, Current prices, Standard valuation based on SNA/ESA - Domestic currency (incl. conversion to current currency made using a fix parity); ratio to the annual moving sum of gross domestic product, Neither seasonally adjusted nor calendar adjusted data - ESA 2010",4F0,,,,3,,,,,,,,,,S,Government deficit(-) or surplus(+) (as % of GDP),,0,
GFS.Q.N.I9.W0.S13.S1._Z.B.B9._Z._Z._Z.XDC_R_B1GQ_CY._Z.S.V.CY._T,Q,N,I9,W0,S13,S1,_Z,B,B9,_Z,_Z,_Z,XDC_R_B1GQ_CY,_Z,S,V,CY,_T,2013-Q2,-3.699,A,F,,,,,P3M,,"Euro area 20 (fixed composition) as of 1 January 2023 - Net lending(+) / net borrowing (-) - Balance - counterpart area: World (all areas, including reference area, including IO), counterpart sector: Total economy, Current prices, Standard valuation based on SNA/ESA - Domestic currency (incl. conversion to current currency made using a fix parity); ratio to the annual moving sum of gross domestic product, Neither seasonally adjusted nor calendar adjusted data - ESA 2010",4F0,,,,3,,,,,,,,,,S,Government deficit(-) or surplus(+) (as % of GDP),,0,
GFS.Q.N.I9.W0.S13.S1._Z.B.B9._Z._Z._Z.XDC_R_B1GQ_CY._Z.S.V.CY._T,Q,N,I9,W0,S13,S1,_Z,B,B9,_Z,_Z,_Z,XDC_R_B1GQ_CY,_Z,S,V,CY,_T,2013-Q3,-3.632,A,F,,,,,P3M,,"Euro area 20 (fixed composition) as of 1 January 2023 - Net lending(+) / net borrowing (-) - Balance - counterpart area: World (all areas, including reference area, including IO), counterpart sector: Total economy, Current prices, Standard valuation based on SNA/ESA - Domestic currency (incl. conversion to current currency made using a fix parity); ratio to the annual moving sum of gross domestic product, Neither seasonally adjusted nor calendar adjusted data - ESA 2010",4F0,,,,3,,,,,,,,,,S,Government deficit(-) or surplus(+) (as % of GDP),,0,
GFS.Q.N.I9.W0.S13.S1._Z.B.B9._Z._Z._Z.XDC_R_B1GQ_CY._Z.S.V.CY._T,Q,N,I9,W0,S13,S1,_Z,B,B9,_Z,_Z,_Z,XDC_R_B1GQ_CY,_Z,S,V,CY,_T,2013-Q4,-3.212,A,F,,,,,P3M,,"Euro area 20 (fixed composition) as of 1 January 2023 - Net lending(+) / net borrowing (-) - Balance - counterpart area: World (all areas, including reference area, including IO), counterpart sector: Total economy, Current prices, Standard valuation based on SNA/ESA - Domestic currency (incl. conversion to current currency made using a fix parity); ratio to the annual moving sum of gross domestic product, Neither seasonally adjusted nor calendar adjusted data - ESA 2010",4F0,,,,3,,,,,,,,,,S,Government deficit(-) or surplus(+) (as % of GDP),,0,
GFS.Q.N.I9.W0.S13.S1._Z.B.B9._Z._Z._Z.XDC_R_B1GQ_CY._Z.S.V.CY._T,Q,N,I9,W0,S13,S1,_Z,B,B9,_Z,_Z,_Z,XDC_R_B1GQ_CY,_Z,S,V,CY,_T,2014-Q1,-2.946,A,F,,,,,P3M,,"Euro area 20 (fixed composition) as of 1 January 2023 - Net lending(+) / net borrowing (-) - Balance - counterpart area: World (all areas, including reference area, including IO), counterpart sector: Total economy, Current prices, Standard valuation based on SNA/ESA - Domestic currency (incl. conversion to current currency made using a fix parity); ratio to the annual moving sum of gross domestic product, Neither seasonally adjusted nor calendar adjusted data - ESA 2010",4F0,,,,3,,,,,,,,,,S,Government deficit(-) or surplus(+) (as % of GDP),,0,
GFS.Q.N.I9.W0.S13.S1._Z.B.B9._Z._Z._Z.XDC_R_B1GQ_CY._Z.S.V.CY._T,Q,N,I9,W0,S13,S1,_Z,B,B9,_Z,_Z,_Z,XDC_R_B1GQ_CY,_Z,S,V,CY,_T,2014-Q2,-2.785,A,F,,,,,P3M,,"Euro area 20 (fixed composition) as of 1 January 2023 - Net lending(+) / net borrowing (-) - Balance - counterpart area: World (all areas, including reference area, including IO), counterpart sector: Total economy, Current prices, Standard valuation based on SNA/ESA - Domestic currency (incl. conversion to current currency made using a fix parity); ratio to the annual moving sum of gross domestic product, Neither seasonally adjusted nor calendar adjusted data - ESA 2010",4F0,,,,3,,,,,,,,,,S,Government deficit(-) or surplus(+) (as % of GDP),,0,
GFS.Q.N.I9.W0.S13.S1._Z.B.B9._Z._Z._Z.XDC_R_B1GQ_CY._Z.S.V.CY._T,Q,N,I9,W0,S13,S1,_Z,B,B9,_Z,_Z,_Z,XDC_R_B1GQ_CY,_Z,S,V,CY,_T,2014-Q3,-2.613,A,F,,,,,P3M,,"Euro area 20 (fixed composition) as of 1 January 2023 - Net lending(+) / net borrowing (-) - Balance - counterpart area: World (all areas, including reference area, including IO), counterpart sector: Total economy, Current prices, Standard valuation based on SNA/ESA - Domestic currency (incl. conversion to current currency made using a fix parity); ratio to the annual moving sum of gross domestic product, Neither seasonally adjusted nor calendar adjusted data - ESA 2010",4F0,,,,3,,,,,,,,,,S,Government deficit(-) or surplus(+) (as % of GDP),,0,
GFS.Q.N.I9.W0.S13.S1._Z.B.B9._Z._Z._Z.XDC_R_B1GQ_CY._Z.S.V.CY._T,Q,N,I9,W0,S13,S1,_Z,B,B9,_Z,_Z,_Z,XDC_R_B1GQ_CY,_Z,S,V,CY,_T,2014-Q4,-2.528,A,F,,,,,P3M,,"Euro area 20 (fixed composition) as of 1 January 2023 - Net lending(+) / net borrowing (-) - Balance - counterpart area: World (all areas, including reference area, including IO), counterpart sector: Total economy, Current prices, Standard valuation based on SNA/ESA - Domestic currency (incl. conversion to current currency made using a fix parity); ratio to the annual moving sum of gross domestic product, Neither seasonally adjusted nor calendar adjusted data - ESA 2010",4F0,,,,3,,,,,,,,,,S,Government deficit(-) or surplus(+) (as % of GDP),,0,
GFS.Q.N.I9.W0.S13.S1._Z.B.B9._Z._Z._Z.XDC_R_B1GQ_CY._Z.S.V.CY._T,Q,N,I9,W0,S13,S1,_Z,B,B9,_Z,_Z,_Z,XDC_R_B1GQ_CY,_Z,S,V,CY,_T,2015-Q1,-2.419,A,F,,,,,P3M,,"Euro area 20 (fixed composition) as of 1 January 2023 - Net lending(+) / net borrowing (-) - Balance - counterpart area: World (all areas, including reference area, including IO), counterpart sector: Total economy, Current prices, Standard valuation based on SNA/ESA - Domestic currency (incl. conversion to current currency made using a fix parity); ratio to the annual moving sum of gross domestic product, Neither seasonally adjusted nor calendar adjusted data - ESA 2010",4F0,,,,3,,,,,,,,,,S,Government deficit(-) or surplus(+) (as % of GDP),,0,
GFS.Q.N.I9.W0.S13.S1._Z.B.B9._Z._Z._Z.XDC_R_B1GQ_CY._Z.S.V.CY._T,Q,N,I9,W0,S13,S1,_Z,B,B9,_Z,_Z,_Z,XDC_R_B1GQ_CY,_Z,S,V,CY,_T,2015-Q2,-2.332,A,F,,,,,P3M,,"Euro area 20 (fixed composition) as of 1 January 2023 - Net lending(+) / net borrowing (-) - Balance - counterpart area: World (all areas, including reference area, including IO), counterpart sector: Total economy, Current prices, Standard valuation based on SNA/ESA - Domestic currency (incl. conversion to current currency made using a fix parity); ratio to the annual moving sum of gross domestic product, Neither seasonally adjusted nor calendar adjusted data - ESA 2010",4F0,,,,3,,,,,,,,,,S,Government deficit(-) or surplus(+) (as % of GDP),,0,
GFS.Q.N.I9.W0.S13.S1._Z.B.B9._Z._Z._Z.XDC_R_B1GQ_CY._Z.S.V.CY._T,Q,N,I9,W0,S13,S1,_Z,B,B9,_Z,_Z,_Z,XDC_R_B1GQ_CY,_Z,S,V,CY,_T,2015-Q3,-2.086,A,F,,,,,P3M,,"Euro area 20 (fixed composition) as of 1 January 2023 - Net lending(+) / net borrowing (-) - Balance - counterpart area: World (all areas, including reference area, including IO), counterpart sector: Total economy, Current prices, Standard valuation based on SNA/ESA - Domestic currency (incl. conversion to current currency made using a fix parity); ratio to the annual moving sum of gross domestic product, Neither seasonally adjusted nor calendar adjusted data - ESA 2010",4F0,,,,3,,,,,,,,,,S,Government deficit(-) or surplus(+) (as % of GDP),,0,
GFS.Q.N.I9.W0.S13.S1._Z.B.B9._Z._Z._Z.XDC_R_B1GQ_CY._Z.S.V.CY._T,Q,N,I9,W0,S13,S1,_Z,B,B9,_Z,_Z,_Z,XDC_R_B1GQ_CY,_Z,S,V,CY,_T,2015-Q4,-2.009,A,F,,,,,P3M,,"Euro area 20 (fixed composition) as of 1 January 2023 - Net lending(+) / net borrowing (-) - Balance - counterpart area: World (all areas, including reference area, including IO), counterpart sector: Total economy, Current prices, Standard valuation based on SNA/ESA - Domestic currency (incl. conversion to current currency made using a fix parity); ratio to the annual moving sum of gross domestic product, Neither seasonally adjusted nor calendar adjusted data - ESA 2010",4F0,,,,3,,,,,,,,,,S,Government deficit(-) or surplus(+) (as % of GDP),,0,
GFS.Q.N.I9.W0.S13.S1._Z.B.B9._Z._Z._Z.XDC_R_B1GQ_CY._Z.S.V.CY._T,Q,N,I9,W0,S13,S1,_Z,B,B9,_Z,_Z,_Z,XDC_R_B1GQ_CY,_Z,S,V,CY,_T,2016-Q1,-1.851,A,F,,,,,P3M,,"Euro area 20 (fixed composition) as of 1 January 2023 - Net lending(+) / net borrowing (-) - Balance - counterpart area: World (all areas, including reference area, including IO), counterpart sector: Total economy, Current prices, Standard valuation based on SNA/ESA - Domestic currency (incl. conversion to current currency made using a fix parity); ratio to the annual moving sum of gross domestic product, Neither seasonally adjusted nor calendar adjusted data - ESA 2010",4F0,,,,3,,,,,,,,,,S,Government deficit(-) or surplus(+) (as % of GDP),,0,
GFS.Q.N.I9.W0.S13.S1._Z.B.B9._Z._Z._Z.XDC_R_B1GQ_CY._Z.S.V.CY._T,Q,N,I9,W0,S13,S1,_Z,B,B9,_Z,_Z,_Z,XDC_R_B1GQ_CY,_Z,S,V,CY,_T,2016-Q2,-1.674,A,F,,,,,P3M,,"Euro area 20 (fixed composition) as of 1 January 2023 - Net lending(+) / net borrowing (-) - Balance - counterpart area: World (all areas, including reference area, including IO), counterpart sector: Total economy, Current prices, Standard valuation based on SNA/ESA - Domestic currency (incl. conversion to current currency made using a fix parity); ratio to the annual moving sum of gross domestic product, Neither seasonally adjusted nor calendar adjusted data - ESA 2010",4F0,,,,3,,,,,,,,,,S,Government deficit(-) or surplus(+) (as % of GDP),,0,
GFS.Q.N.I9.W0.S13.S1._Z.B.B9._Z._Z._Z.XDC_R_B1GQ_CY._Z.S.V.CY._T,Q,N,I9,W0,S13,S1,_Z,B,B9,_Z,_Z,_Z,XDC_R_B1GQ_CY,_Z,S,V,CY,_T,2016-Q3,-1.684,A,F,,,,,P3M,,"Euro area 20 (fixed composition) as of 1 January 2023 - Net lending(+) / net borrowing (-) - Balance - counterpart area: World (all areas, including reference area, including IO), counterpart sector: Total economy, Current prices, Standard valuation based on SNA/ESA - Domestic currency (incl. conversion to current currency made using a fix parity); ratio to the annual moving sum of gross domestic product, Neither seasonally adjusted nor calendar adjusted data - ESA 2010",4F0,,,,3,,,,,,,,,,S,Government deficit(-) or surplus(+) (as % of GDP),,0,
GFS.Q.N.I9.W0.S13.S1._Z.B.B9._Z._Z._Z.XDC_R_B1GQ_CY._Z.S.V.CY._T,Q,N,I9,W0,S13,S1,_Z,B,B9,_Z,_Z,_Z,XDC_R_B1GQ_CY,_Z,S,V,CY,_T,2016-Q4,-1.473,A,F,,,,,P3M,,"Euro area 20 (fixed composition) as of 1 January 2023 - Net lending(+) / net borrowing (-) - Balance - counterpart area: World (all areas, including reference area, including IO), counterpart sector: Total economy, Current prices, Standard valuation based on SNA/ESA - Domestic currency (incl. conversion to current currency made using a fix parity); ratio to the annual moving sum of gross domestic product, Neither seasonally adjusted nor calendar adjusted data - ESA 2010",4F0,,,,3,,,,,,,,,,S,Government deficit(-) or surplus(+) (as % of GDP),,0,
GFS.Q.N.I9.W0.S13.S1._Z.B.B9._Z._Z._Z.XDC_R_B1GQ_CY._Z.S.V.CY._T,Q,N,I9,W0,S13,S1,_Z,B,B9,_Z,_Z,_Z,XDC_R_B1GQ_CY,_Z,S,V,CY,_T,2017-Q1,-1.327,A,F,,,,,P3M,,"Euro area 20 (fixed composition) as of 1 January 2023 - Net lending(+) / net borrowing (-) - Balance - counterpart area: World (all areas, including reference area, including IO), counterpart sector: Total economy, Current prices, Standard valuation based on SNA/ESA - Domestic currency (incl. conversion to current currency made using a fix parity); ratio to the annual moving sum of gross domestic product, Neither seasonally adjusted nor calendar adjusted data - ESA 2010",4F0,,,,3,,,,,,,,,,S,Government deficit(-) or surplus(+) (as % of GDP),,0,
GFS.Q.N.I9.W0.S13.S1._Z.B.B9._Z._Z._Z.XDC_R_B1GQ_CY._Z.S.V.CY._T,Q,N,I9,W0,S13,S1,_Z,B,B9,_Z,_Z,_Z,XDC_R_B1GQ_CY,_Z,S,V,CY,_T,2017-Q2,-1.322,A,F,,,,,P3M,,"Euro area 20 (fixed composition) as of 1 January 2023 - Net lending(+) / net borrowing (-) - Balance - counterpart area: World (all areas, including reference area, including IO), counterpart sector: Total economy, Current prices, Standard valuation based on SNA/ESA - Domestic currency (incl. conversion to current currency made using a fix parity); ratio to the annual moving sum of gross domestic product, Neither seasonally adjusted nor calendar adjusted data - ESA 2010",4F0,,,,3,,,,,,,,,,S,Government deficit(-) or surplus(+) (as % of GDP),,0,
GFS.Q.N.I9.W0.S13.S1._Z.B.B9._Z._Z._Z.XDC_R_B1GQ_CY._Z.S.V.CY._T,Q,N,I9,W0,S13,S1,_Z,B,B9,_Z,_Z,_Z,XDC_R_B1GQ_CY,_Z,S,V,CY,_T,2017-Q3,-1.143,A,F,,,,,P3M,,"Euro area 20 (fixed composition) as of 1 January 2023 - Net lending(+) / net borrowing (-) - Balance - counterpart area: World (all areas, including reference area, including IO), counterpart sector: Total economy, Current prices, Standard valuation based on SNA/ESA - Domestic currency (incl. conversion to current currency made using a fix parity); ratio to the annual moving sum of gross domestic product, Neither seasonally adjusted nor calendar adjusted data - ESA 2010",4F0,,,,3,,,,,,,,,,S,Government deficit(-) or surplus(+) (as % of GDP),,0,
GFS.Q.N.I9.W0.S13.S1._Z.B.B9._Z._Z._Z.XDC_R_B1GQ_CY._Z.S.V.CY._T,Q,N,I9,W0,S13,S1,_Z,B,B9,_Z,_Z,_Z,XDC_R_B1GQ_CY,_Z,S,V,CY,_T,2017-Q4,-1.003,A,F,,,,,P3M,,"Euro area 20 (fixed composition) as of 1 January 2023 - Net lending(+) / net borrowing (-) - Balance - counterpart area: World (all areas, including reference area, including IO), counterpart sector: Total economy, Current prices, Standard valuation based on SNA/ESA - Domestic currency (incl. conversion to current currency made using a fix parity); ratio to the annual moving sum of gross domestic product, Neither seasonally adjusted nor calendar adjusted data - ESA 2010",4F0,,,,3,,,,,,,,,,S,Government deficit(-) or surplus(+) (as % of GDP),,0,
GFS.Q.N.I9.W0.S13.S1._Z.B.B9._Z._Z._Z.XDC_R_B1GQ_CY._Z.S.V.CY._T,Q,N,I9,W0,S13,S1,_Z,B,B9,_Z,_Z,_Z,XDC_R_B1GQ_CY,_Z,S,V,CY,_T,2018-Q1,-0.804,A,F,,,,,P3M,,"Euro area 20 (fixed composition) as of 1 January 2023 - Net lending(+) / net borrowing (-) - Balance - counterpart area: World (all areas, including reference area, including IO), counterpart sector: Total economy, Current prices, Standard valuation based on SNA/ESA - Domestic currency (incl. conversion to current currency made using a fix parity); ratio to the annual moving sum of gross domestic product, Neither seasonally adjusted nor calendar adjusted data - ESA 2010",4F0,,,,3,,,,,,,,,,S,Government deficit(-) or surplus(+) (as % of GDP),,0,
GFS.Q.N.I9.W0.S13.S1._Z.B.B9._Z._Z._Z.XDC_R_B1GQ_CY._Z.S.V.CY._T,Q,N,I9,W0,S13,S1,_Z,B,B9,_Z,_Z,_Z,XDC_R_B1GQ_CY,_Z,S,V,CY,_T,2018-Q2,-0.465,A,F,,,,,P3M,,"Euro area 20 (fixed composition) as of 1 January 2023 - Net lending(+) / net borrowing (-) - Balance - counterpart area: World (all areas, including reference area, including IO), counterpart sector: Total economy, Current prices, Standard valuation based on SNA/ESA - Domestic currency (incl. conversion to current currency made using a fix parity); ratio to the annual moving sum of gross domestic product, Neither seasonally adjusted nor calendar adjusted data - ESA 2010",4F0,,,,3,,,,,,,,,,S,Government deficit(-) or surplus(+) (as % of GDP),,0,
GFS.Q.N.I9.W0.S13.S1._Z.B.B9._Z._Z._Z.XDC_R_B1GQ_CY._Z.S.V.CY._T,Q,N,I9,W0,S13,S1,_Z,B,B9,_Z,_Z,_Z,XDC_R_B1GQ_CY,_Z,S,V,CY,_T,2018-Q3,-0.348,A,F,,,,,P3M,,"Euro area 20 (fixed composition) as of 1 January 2023 - Net lending(+) / net borrowing (-) - Balance - counterpart area: World (all areas, including reference area, including IO), counterpart sector: Total economy, Current prices, Standard valuation based on SNA/ESA - Domestic currency (incl. conversion to current currency made using a fix parity); ratio to the annual moving sum of gross domestic product, Neither seasonally adjusted nor calendar adjusted data - ESA 2010",4F0,,,,3,,,,,,,,,,S,Government deficit(-) or surplus(+) (as % of GDP),,0,
GFS.Q.N.I9.W0.S13.S1._Z.B.B9._Z._Z._Z.XDC_R_B1GQ_CY._Z.S.V.CY._T,Q,N,I9,W0,S13,S1,_Z,B,B9,_Z,_Z,_Z,XDC_R_B1GQ_CY,_Z,S,V,CY,_T,2018-Q4,-0.447,A,F,,,,,P3M,,"Euro area 20 (fixed composition) as of 1 January 2023 - Net lending(+) / net borrowing (-) - Balance - counterpart area: World (all areas, including reference area, including IO), counterpart sector: Total economy, Current prices, Standard valuation based on SNA/ESA - Domestic currency (incl. conversion to current currency made using a fix parity); ratio to the annual moving sum of gross domestic product, Neither seasonally adjusted nor calendar adjusted data - ESA 2010",4F0,,,,3,,,,,,,,,,S,Government deficit(-) or surplus(+) (as % of GDP),,0,
GFS.Q.N.I9.W0.S13.S1._Z.B.B9._Z._Z._Z.XDC_R_B1GQ_CY._Z.S.V.CY._T,Q,N,I9,W0,S13,S1,_Z,B,B9,_Z,_Z,_Z,XDC_R_B1GQ_CY,_Z,S,V,CY,_T,2019-Q1,-0.491,P,F,,,,,P3M,,"Euro area 20 (fixed composition) as of 1 January 2023 - Net lending(+) / net borrowing (-) - Balance - counterpart area: World (all areas, including reference area, including IO), counterpart sector: Total economy, Current prices, Standard valuation based on SNA/ESA - Domestic currency (incl. conversion to current currency made using a fix parity); ratio to the annual moving sum of gross domestic product, Neither seasonally adjusted nor calendar adjusted data - ESA 2010",4F0,,,,3,,,,,,,,,,S,Government deficit(-) or surplus(+) (as % of GDP),,0,
GFS.Q.N.I9.W0.S13.S1._Z.B.B9._Z._Z._Z.XDC_R_B1GQ_CY._Z.S.V.CY._T,Q,N,I9,W0,S13,S1,_Z,B,B9,_Z,_Z,_Z,XDC_R_B1GQ_CY,_Z,S,V,CY,_T,2019-Q2,-0.583,P,F,,,,,P3M,,"Euro area 20 (fixed composition) as of 1 January 2023 - Net lending(+) / net borrowing (-) - Balance - counterpart area: World (all areas, including reference area, including IO), counterpart sector: Total economy, Current prices, Standard valuation based on SNA/ESA - Domestic currency (incl. conversion to current currency made using a fix parity); ratio to the annual moving sum of gross domestic product, Neither seasonally adjusted nor calendar adjusted data - ESA 2010",4F0,,,,3,,,,,,,,,,S,Government deficit(-) or surplus(+) (as % of GDP),,0,
GFS.Q.N.I9.W0.S13.S1._Z.B.B9._Z._Z._Z.XDC_R_B1GQ_CY._Z.S.V.CY._T,Q,N,I9,W0,S13,S1,_Z,B,B9,_Z,_Z,_Z,XDC_R_B1GQ_CY,_Z,S,V,CY,_T,2019-Q3,-0.697,P,F,,,,,P3M,,"Euro area 20 (fixed composition) as of 1 January 2023 - Net lending(+) / net borrowing (-) - Balance - counterpart area: World (all areas, including reference area, including IO), counterpart sector: Total economy, Current prices, Standard valuation based on SNA/ESA - Domestic currency (incl. conversion to current currency made using a fix parity); ratio to the annual moving sum of gross domestic product, Neither seasonally adjusted nor calendar adjusted data - ESA 2010",4F0,,,,3,,,,,,,,,,S,Government deficit(-) or surplus(+) (as % of GDP),,0,
GFS.Q.N.I9.W0.S13.S1._Z.B.B9._Z._Z._Z.XDC_R_B1GQ_CY._Z.S.V.CY._T,Q,N,I9,W0,S13,S1,_Z,B,B9,_Z,_Z,_Z,XDC_R_B1GQ_CY,_Z,S,V,CY,_T,2019-Q4,-0.537,P,F,,,,,P3M,,"Euro area 20 (fixed composition) as of 1 January 2023 - Net lending(+) / net borrowing (-) - Balance - counterpart area: World (all areas, including reference area, including IO), counterpart sector: Total economy, Current prices, Standard valuation based on SNA/ESA - Domestic currency (incl. conversion to current currency made using a fix parity); ratio to the annual moving sum of gross domestic product, Neither seasonally adjusted nor calendar adjusted data - ESA 2010",4F0,,,,3,,,,,,,,,,S,Government deficit(-) or surplus(+) (as % of GDP),,0,
GFS.Q.N.I9.W0.S13.S1._Z.B.B9._Z._Z._Z.XDC_R_B1GQ_CY._Z.S.V.CY._T,Q,N,I9,W0,S13,S1,_Z,B,B9,_Z,_Z,_Z,XDC_R_B1GQ_CY,_Z,S,V,CY,_T,2020-Q1,-1.134,P,F,,,,,P3M,,"Euro area 20 (fixed composition) as of 1 January 2023 - Net lending(+) / net borrowing (-) - Balance - counterpart area: World (all areas, including reference area, including IO), counterpart sector: Total economy, Current prices, Standard valuation based on SNA/ESA - Domestic currency (incl. conversion to current currency made using a fix parity); ratio to the annual moving sum of gross domestic product, Neither seasonally adjusted nor calendar adjusted data - ESA 2010",4F0,,,,3,,,,,,,,,,S,Government deficit(-) or surplus(+) (as % of GDP),,0,
GFS.Q.N.I9.W0.S13.S1._Z.B.B9._Z._Z._Z.XDC_R_B1GQ_CY._Z.S.V.CY._T,Q,N,I9,W0,S13,S1,_Z,B,B9,_Z,_Z,_Z,XDC_R_B1GQ_CY,_Z,S,V,CY,_T,2020-Q2,-3.836,P,F,,,,,P3M,,"Euro area 20 (fixed composition) as of 1 January 2023 - Net lending(+) / net borrowing (-) - Balance - counterpart area: World (all areas, including reference area, including IO), counterpart sector: Total economy, Current prices, Standard valuation based on SNA/ESA - Domestic currency (incl. conversion to current currency made using a fix parity); ratio to the annual moving sum of gross domestic product, Neither seasonally adjusted nor calendar adjusted data - ESA 2010",4F0,,,,3,,,,,,,,,,S,Government deficit(-) or surplus(+) (as % of GDP),,0,
GFS.Q.N.I9.W0.S13.S1._Z.B.B9._Z._Z._Z.XDC_R_B1GQ_CY._Z.S.V.CY._T,Q,N,I9,W0,S13,S1,_Z,B,B9,_Z,_Z,_Z,XDC_R_B1GQ_CY,_Z,S,V,CY,_T,2020-Q3,-5.195,P,F,,,,,P3M,,"Euro area 20 (fixed composition) as of 1 January 2023 - Net lending(+) / net borrowing (-) - Balance - counterpart area: World (all areas, including reference area, including IO), counterpart sector: Total economy, Current prices, Standard valuation based on SNA/ESA - Domestic currency (incl. conversion to current currency made using a fix parity); ratio to the annual moving sum of gross domestic product, Neither seasonally adjusted nor calendar adjusted data - ESA 2010",4F0,,,,3,,,,,,,,,,S,Government deficit(-) or surplus(+) (as % of GDP),,0,
GFS.Q.N.I9.W0.S13.S1._Z.B.B9._Z._Z._Z.XDC_R_B1GQ_CY._Z.S.V.CY._T,Q,N,I9,W0,S13,S1,_Z,B,B9,_Z,_Z,_Z,XDC_R_B1GQ_CY,_Z,S,V,CY,_T,2020-Q4,-6.992,P,F,,,,,P3M,,"Euro area 20 (fixed composition) as of 1 January 2023 - Net lending(+) / net borrowing (-) - Balance - counterpart area: World (all areas, including reference area, including IO), counterpart sector: Total economy, Current prices, Standard valuation based on SNA/ESA - Domestic currency (incl. conversion to current currency made using a fix parity); ratio to the annual moving sum of gross domestic product, Neither seasonally adjusted nor calendar adjusted data - ESA 2010",4F0,,,,3,,,,,,,,,,S,Government deficit(-) or surplus(+) (as % of GDP),,0,
GFS.Q.N.I9.W0.S13.S1._Z.B.B9._Z._Z._Z.XDC_R_B1GQ_CY._Z.S.V.CY._T,Q,N,I9,W0,S13,S1,_Z,B,B9,_Z,_Z,_Z,XDC_R_B1GQ_CY,_Z,S,V,CY,_T,2021-Q1,-8.014,P,F,,,,,P3M,,"Euro area 20 (fixed composition) as of 1 January 2023 - Net lending(+) / net borrowing (-) - Balance - counterpart area: World (all areas, including reference area, including IO), counterpart sector: Total economy, Current prices, Standard valuation based on SNA/ESA - Domestic currency (incl. conversion to current currency made using a fix parity); ratio to the annual moving sum of gross domestic product, Neither seasonally adjusted nor calendar adjusted data - ESA 2010",4F0,,,,3,,,,,,,,,,S,Government deficit(-) or surplus(+) (as % of GDP),,0,
GFS.Q.N.I9.W0.S13.S1._Z.B.B9._Z._Z._Z.XDC_R_B1GQ_CY._Z.S.V.CY._T,Q,N,I9,W0,S13,S1,_Z,B,B9,_Z,_Z,_Z,XDC_R_B1GQ_CY,_Z,S,V,CY,_T,2021-Q2,-6.704,P,F,,,,,P3M,,"Euro area 20 (fixed composition) as of 1 January 2023 - Net lending(+) / net borrowing (-) - Balance - counterpart area: World (all areas, including reference area, including IO), counterpart sector: Total economy, Current prices, Standard valuation based on SNA/ESA - Domestic currency (incl. conversion to current currency made using a fix parity); ratio to the annual moving sum of gross domestic product, Neither seasonally adjusted nor calendar adjusted data - ESA 2010",4F0,,,,3,,,,,,,,,,S,Government deficit(-) or surplus(+) (as % of GDP),,0,
GFS.Q.N.I9.W0.S13.S1._Z.B.B9._Z._Z._Z.XDC_R_B1GQ_CY._Z.S.V.CY._T,Q,N,I9,W0,S13,S1,_Z,B,B9,_Z,_Z,_Z,XDC_R_B1GQ_CY,_Z,S,V,CY,_T,2021-Q3,-6.033,P,F,,,,,P3M,,"Euro area 20 (fixed composition) as of 1 January 2023 - Net lending(+) / net borrowing (-) - Balance - counterpart area: World (all areas, including reference area, including IO), counterpart sector: Total economy, Current prices, Standard valuation based on SNA/ESA - Domestic currency (incl. conversion to current currency made using a fix parity); ratio to the annual moving sum of gross domestic product, Neither seasonally adjusted nor calendar adjusted data - ESA 2010",4F0,,,,3,,,,,,,,,,S,Government deficit(-) or surplus(+) (as % of GDP),,0,
GFS.Q.N.I9.W0.S13.S1._Z.B.B9._Z._Z._Z.XDC_R_B1GQ_CY._Z.S.V.CY._T,Q,N,I9,W0,S13,S1,_Z,B,B9,_Z,_Z,_Z,XDC_R_B1GQ_CY,_Z,S,V,CY,_T,2021-Q4,-5.101,P,F,,,,,P3M,,"Euro area 20 (fixed composition) as of 1 January 2023 - Net lending(+) / net borrowing (-) - Balance - counterpart area: World (all areas, including reference area, including IO), counterpart sector: Total economy, Current prices, Standard valuation based on SNA/ESA - Domestic currency (incl. conversion to current currency made using a fix parity); ratio to the annual moving sum of gross domestic product, Neither seasonally adjusted nor calendar adjusted data - ESA 2010",4F0,,,,3,,,,,,,,,,S,Government deficit(-) or surplus(+) (as % of GDP),,0,
GFS.Q.N.I9.W0.S13.S1._Z.B.B9._Z._Z._Z.XDC_R_B1GQ_CY._Z.S.V.CY._T,Q,N,I9,W0,S13,S1,_Z,B,B9,_Z,_Z,_Z,XDC_R_B1GQ_CY,_Z,S,V,CY,_T,2022-Q1,-4.044,P,F,,,,,P3M,,"Euro area 20 (fixed composition) as of 1 January 2023 - Net lending(+) / net borrowing (-) - Balance - counterpart area: World (all areas, including reference area, including IO), counterpart sector: Total economy, Current prices, Standard valuation based on SNA/ESA - Domestic currency (incl. conversion to current currency made using a fix parity); ratio to the annual moving sum of gross domestic product, Neither seasonally adjusted nor calendar adjusted data - ESA 2010",4F0,,,,3,,,,,,,,,,S,Government deficit(-) or surplus(+) (as % of GDP),,0,
GFS.Q.N.I9.W0.S13.S1._Z.B.B9._Z._Z._Z.XDC_R_B1GQ_CY._Z.S.V.CY._T,Q,N,I9,W0,S13,S1,_Z,B,B9,_Z,_Z,_Z,XDC_R_B1GQ_CY,_Z,S,V,CY,_T,2022-Q2,-3.023,P,F,,,,,P3M,,"Euro area 20 (fixed composition) as of 1 January 2023 - Net lending(+) / net borrowing (-) - Balance - counterpart area: World (all areas, including reference area, including IO), counterpart sector: Total economy, Current prices, Standard valuation based on SNA/ESA - Domestic currency (incl. conversion to current currency made using a fix parity); ratio to the annual moving sum of gross domestic product, Neither seasonally adjusted nor calendar adjusted data - ESA 2010",4F0,,,,3,,,,,,,,,,S,Government deficit(-) or surplus(+) (as % of GDP),,0,
GFS.Q.N.I9.W0.S13.S1._Z.B.B9._Z._Z._Z.XDC_R_B1GQ_CY._Z.S.V.CY._T,Q,N,I9,W0,S13,S1,_Z,B,B9,_Z,_Z,_Z,XDC_R_B1GQ_CY,_Z,S,V,CY,_T,2022-Q3,-3.02,P,F,,,,,P3M,,"Euro area 20 (fixed composition) as of 1 January 2023 - Net lending(+) / net borrowing (-) - Balance - counterpart area: World (all areas, including reference area, including IO), counterpart sector: Total economy, Current prices, Standard valuation based on SNA/ESA - Domestic currency (incl. conversion to current currency made using a fix parity); ratio to the annual moving sum of gross domestic product, Neither seasonally adjusted nor calendar adjusted data - ESA 2010",4F0,,,,3,,,,,,,,,,S,Government deficit(-) or surplus(+) (as % of GDP),,0,
GFS.Q.N.I9.W0.S13.S1._Z.B.B9._Z._Z._Z.XDC_R_B1GQ_CY._Z.S.V.CY._T,Q,N,I9,W0,S13,S1,_Z,B,B9,_Z,_Z,_Z,XDC_R_B1GQ_CY,_Z,S,V,CY,_T,2022-Q4,-3.393,P,F,,,,,P3M,,"Euro area 20 (fixed composition) as of 1 January 2023 - Net lending(+) / net borrowing (-) - Balance - counterpart area: World (all areas, including reference area, including IO), counterpart sector: Total economy, Current prices, Standard valuation based on SNA/ESA - Domestic currency (incl. conversion to current currency made using a fix parity); ratio to the annual moving sum of gross domestic product, Neither seasonally adjusted nor calendar adjusted data - ESA 2010",4F0,,,,3,,,,,,,,,,S,Government deficit(-) or surplus(+) (as % of GDP),,0,
GFS.Q.N.I9.W0.S13.S1._Z.B.B9._Z._Z._Z.XDC_R_B1GQ_CY._Z.S.V.CY._T,Q,N,I9,W0,S13,S1,_Z,B,B9,_Z,_Z,_Z,XDC_R_B1GQ_CY,_Z,S,V,CY,_T,2023-Q1,-3.545,P,F,,,,,P3M,,"Euro area 20 (fixed composition) as of 1 January 2023 - Net lending(+) / net borrowing (-) - Balance - counterpart area: World (all areas, including reference area, including IO), counterpart sector: Total economy, Current prices, Standard valuation based on SNA/ESA - Domestic currency (incl. conversion to current currency made using a fix parity); ratio to the annual moving sum of gross domestic product, Neither seasonally adjusted nor calendar adjusted data - ESA 2010",4F0,,,,3,,,,,,,,,,S,Government deficit(-) or surplus(+) (as % of GDP),,0,
GFS.Q.N.I9.W0.S13.S1._Z.B.B9._Z._Z._Z.XDC_R_B1GQ_CY._Z.S.V.CY._T,Q,N,I9,W0,S13,S1,_Z,B,B9,_Z,_Z,_Z,XDC_R_B1GQ_CY,_Z,S,V,CY,_T,2023-Q2,-3.783,P,F,,,,,P3M,,"Euro area 20 (fixed composition) as of 1 January 2023 - Net lending(+) / net borrowing (-) - Balance - counterpart area: World (all areas, including reference area, including IO), counterpart sector: Total economy, Current prices, Standard valuation based on SNA/ESA - Domestic currency (incl. conversion to current currency made using a fix parity); ratio to the annual moving sum of gross domestic product, Neither seasonally adjusted nor calendar adjusted data - ESA 2010",4F0,,,,3,,,,,,,,,,S,Government deficit(-) or surplus(+) (as % of GDP),,0,
GFS.Q.N.I9.W0.S13.S1._Z.B.B9._Z._Z._Z.XDC_R_B1GQ_CY._Z.S.V.CY._T,Q,N,I9,W0,S13,S1,_Z,B,B9,_Z,_Z,_Z,XDC_R_B1GQ_CY,_Z,S,V,CY,_T,2023-Q3,-3.68,P,F,,,,,P3M,,"Euro area 20 (fixed composition) as of 1 January 2023 - Net lending(+) / net borrowing (-) - Balance - counterpart area: World (all areas, including reference area, including IO), counterpart sector: Total economy, Current prices, Standard valuation based on SNA/ESA - Domestic currency (incl. conversion to current currency made using a fix parity); ratio to the annual moving sum of gross domestic product, Neither seasonally adjusted nor calendar adjusted data - ESA 2010",4F0,,,,3,,,,,,,,,,S,Government deficit(-) or surplus(+) (as % of GDP),,0,
GFS.Q.N.I9.W0.S13.S1._Z.B.B9._Z._Z._Z.XDC_R_B1GQ_CY._Z.S.V.CY._T,Q,N,I9,W0,S13,S1,_Z,B,B9,_Z,_Z,_Z,XDC_R_B1GQ_CY,_Z,S,V,CY,_T,2023-Q4,-3.502,P,F,,,,,P3M,,"Euro area 20 (fixed composition) as of 1 January 2023 - Net lending(+) / net borrowing (-) - Balance - counterpart area: World (all areas, including reference area, including IO), counterpart sector: Total economy, Current prices, Standard valuation based on SNA/ESA - Domestic currency (incl. conversion to current currency made using a fix parity); ratio to the annual moving sum of gross domestic product, Neither seasonally adjusted nor calendar adjusted data - ESA 2010",4F0,,,,3,,,,,,,,,,S,Government deficit(-) or surplus(+) (as % of GDP),,0,
GFS.Q.N.I9.W0.S13.S1._Z.B.B9._Z._Z._Z.XDC_R_B1GQ_CY._Z.S.V.CY._T,Q,N,I9,W0,S13,S1,_Z,B,B9,_Z,_Z,_Z,XDC_R_B1GQ_CY,_Z,S,V,CY,_T,2024-Q1,-3.478,P,F,,,,,P3M,,"Euro area 20 (fixed composition) as of 1 January 2023 - Net lending(+) / net borrowing (-) - Balance - counterpart area: World (all areas, including reference area, including IO), counterpart sector: Total economy, Current prices, Standard valuation based on SNA/ESA - Domestic currency (incl. conversion to current currency made using a fix parity); ratio to the annual moving sum of gross domestic product, Neither seasonally adjusted nor calendar adjusted data - ESA 2010",4F0,,,,3,,,,,,,,,,S,Government deficit(-) or surplus(+) (as % of GDP),,0,
GFS.Q.N.I9.W0.S13.S1._Z.B.B9._Z._Z._Z.XDC_R_B1GQ_CY._Z.S.V.CY._T,Q,N,I9,W0,S13,S1,_Z,B,B9,_Z,_Z,_Z,XDC_R_B1GQ_CY,_Z,S,V,CY,_T,2024-Q2,-3.436,P,F,,,,,P3M,,"Euro area 20 (fixed composition) as of 1 January 2023 - Net lending(+) / net borrowing (-) - Balance - counterpart area: World (all areas, including reference area, including IO), counterpart sector: Total economy, Current prices, Standard valuation based on SNA/ESA - Domestic currency (incl. conversion to current currency made using a fix parity); ratio to the annual moving sum of gross domestic product, Neither seasonally adjusted nor calendar adjusted data - ESA 2010",4F0,,,,3,,,,,,,,,,S,Government deficit(-) or surplus(+) (as % of GDP),,0,
GFS.Q.N.I9.W0.S13.S1._Z.B.B9._Z._Z._Z.XDC_R_B1GQ_CY._Z.S.V.CY._T,Q,N,I9,W0,S13,S1,_Z,B,B9,_Z,_Z,_Z,XDC_R_B1GQ_CY,_Z,S,V,CY,_T,2024-Q3,-3.247,P,F,,,,,P3M,,"Euro area 20 (fixed composition) as of 1 January 2023 - Net lending(+) / net borrowing (-) - Balance - counterpart area: World (all areas, including reference area, including IO), counterpart sector: Total economy, Current prices, Standard valuation based on SNA/ESA - Domestic currency (incl. conversion to current currency made using a fix parity); ratio to the annual moving sum of gross domestic product, Neither seasonally adjusted nor calendar adjusted data - ESA 2010",4F0,,,,3,,,,,,,,,,S,Government deficit(-) or surplus(+) (as % of GDP),,0,
GFS.Q.N.I9.W0.S13.S1._Z.B.B9._Z._Z._Z.XDC_R_B1GQ_CY._Z.S.V.CY._T,Q,N,I9,W0,S13,S1,_Z,B,B9,_Z,_Z,_Z,XDC_R_B1GQ_CY,_Z,S,V,CY,_T,2024-Q4,-3.064,P,F,,,,,P3M,,"Euro area 20 (fixed composition) as of 1 January 2023 - Net lending(+) / net borrowing (-) - Balance - counterpart area: World (all areas, including reference area, including IO), counterpart sector: Total economy, Current prices, Standard valuation based on SNA/ESA - Domestic currency (incl. conversion to current currency made using a fix parity); ratio to the annual moving sum of gross domestic product, Neither seasonally adjusted nor calendar adjusted data - ESA 2010",4F0,,,,3,,,,,,,,,,S,Government deficit(-) or surplus(+) (as % of GDP),,0,
GFS.Q.N.I9.W0.S13.S1._Z.B.B9._Z._Z._Z.XDC_R_B1GQ_CY._Z.S.V.CY._T,Q,N,I9,W0,S13,S1,_Z,B,B9,_Z,_Z,_Z,XDC_R_B1GQ_CY,_Z,S,V,CY,_T,2025-Q1,-2.965,P,F,,,,,P3M,,"Euro area 20 (fixed composition) as of 1 January 2023 - Net lending(+) / net borrowing (-) - Balance - counterpart area: World (all areas, including reference area, including IO), counterpart sector: Total economy, Current prices, Standard valuation based on SNA/ESA - Domestic currency (incl. conversion to current currency made using a fix parity); ratio to the annual moving sum of gross domestic product, Neither seasonally adjusted nor calendar adjusted data - ESA 2010",4F0,,,,3,,,,,,,,,,S,Government deficit(-) or surplus(+) (as % of GDP),,0,
GFS.Q.N.I9.W0.S13.S1._Z.B.B9._Z._Z._Z.XDC_R_B1GQ_CY._Z.S.V.CY._T,Q,N,I9,W0,S13,S1,_Z,B,B9,_Z,_Z,_Z,XDC_R_B1GQ_CY,_Z,S,V,CY,_T,2025-Q2,-2.847,P,F,,,,,P3M,,"Euro area 20 (fixed composition) as of 1 January 2023 - Net lending(+) / net borrowing (-) - Balance - counterpart area: World (all areas, including reference area, including IO), counterpart sector: Total economy, Current prices, Standard valuation based on SNA/ESA - Domestic currency (incl. conversion to current currency made using a fix parity); ratio to the annual moving sum of gross domestic product, Neither seasonally adjusted nor calendar adjusted data - ESA 2010",4F0,,,,3,,,,,,,,,,S,Government deficit(-) or surplus(+) (as % of GDP),,0,
